{
	"description": "项目配置文件。",
	"packOptions": {
		"ignore": []
	},
	"setting": {
		"urlCheck": true,
		"es6": true,
		"postcss": true,
		"minified": true,
		"newFeature": true
	},
	"compileType": "miniprogram",
	"libVersion": "2.1.1",
	"appid": "wxf9b46d65f027cf94",
	"projectname": "%E6%B9%9B%E6%B1%9F%E9%9C%9E%E5%B1%B1%E5%B0%8F%E7%A8%8B%E5%BA%8F%20%E4%BA%91%E5%B0%8F%E5%8C%BB",
	"isGameTourist": false,
	"condition": {
		"search": {
			"current": -1,
			"list": []
		},
		"conversation": {
			"current": -1,
			"list": []
		},
		"game": {
			"currentL": -1,
			"list": []
		},
		"miniprogram": {
			"current": -1,
			"list": []
		}
	}
}